week_start,company_id,company_name,sku,region,forecast_qty,actual_demand,error,smape_pct,beginning_inventory,ending_inventory,safety_stock,stockout_flag,promo_flag,lifecycle_stage,forecast_model,forecast_version,data_freshness_days,comment
2023-01-02,1012,AutoSeal Gaskets,SKU0042,Central MI,67,69,-2,2.94%,585,558,122,0,0,Mature,Prophet,v5,7,
2023-01-02,1003,Great Lakes Fasteners,SKU0020,Central MI,116,116,0,0.0%,494,489,94,0,1,Mature,Prophet,v1,3,
2023-01-02,1013,PolyTech Midwest,SKU0051,West MI,447,406,41,9.61%,187,193,137,0,0,Mature,Prophet,v2,3,
2023-01-02,1014,Precision Plastics West,SKU0066,Central MI,242,207,35,15.59%,498,526,111,0,0,Mature,Prophet,v5,3,
2023-01-02,1001,Delta Plastics,SKU0004,Central MI,397,385,12,3.07%,83,58,110,0,0,Mature,Prophet,v3,3,
2023-01-02,1001,Delta Plastics,SKU0005,Northern MI,84,69,15,19.61%,574,546,173,0,0,Mature,Prophet,v5,3,
2023-01-02,1013,PolyTech Midwest,SKU0053,West MI,290,191,99,41.16%,524,580,104,0,0,Mature,Prophet,v4,7,
2023-01-02,1005,Riverbend Metals,SKU0035,Northern MI,619,605,14,2.29%,94,101,141,0,0,Mature,Prophet,v5,1,
2023-01-02,1001,Delta Plastics,SKU0007,Central MI,584,535,49,8.76%,62,71,86,0,0,Mature,Prophet,v5,3,
2023-01-02,1004,TriCounty Components,SKU0024,SE MI,90,114,-24,23.53%,382,311,142,0,0,Declining,Prophet,v5,3,
2023-01-02,1005,Riverbend Metals,SKU0038,Central MI,82,146,-64,56.14%,526,450,106,0,0,Mature,Prophet,v3,1,
2023-01-02,1014,Precision Plastics West,SKU0062,Northern MI,138,120,18,13.95%,338,325,137,0,0,Mature,Prophet,v4,3,
2023-01-02,1005,Riverbend Metals,SKU0033,Central MI,254,239,15,6.09%,315,317,123,0,0,Mature,Prophet,v1,14,
2023-01-02,1002,Midland Moldings,SKU0014,Northern MI,414,423,-9,2.15%,511,492,108,0,0,Declining,Prophet,v5,1,
2023-01-02,1001,Delta Plastics,SKU0003,SE MI,377,383,-6,1.58%,490,436,178,0,0,Mature,Prophet,v1,3,
2023-01-02,1001,Delta Plastics,SKU0006,West MI,501,428,73,15.72%,99,126,141,0,0,New,Prophet,v5,1,
2023-01-02,1004,TriCounty Components,SKU0028,Central MI,203,156,47,26.18%,155,178,127,0,1,New,Prophet,v1,1,
2023-01-02,1004,TriCounty Components,SKU0027,SE MI,233,231,2,0.86%,128,118,93,0,0,New,Prophet,v1,7,
2023-01-02,1014,Precision Plastics West,SKU0061,Central MI,182,194,-12,6.38%,483,450,68,0,0,New,Prophet,v1,7,
2023-01-02,1003,Great Lakes Fasteners,SKU0016,West MI,474,329,145,36.11%,138,267,141,0,1,Declining,Prophet,v2,3,
2023-01-02,1014,Precision Plastics West,SKU0064,Central MI,472,357,115,27.74%,315,415,85,0,0,Mature,Prophet,v5,1,
2023-01-02,1005,Riverbend Metals,SKU0036,West MI,304,290,14,4.71%,455,430,69,0,0,Declining,Prophet,v2,1,
2023-01-02,1013,PolyTech Midwest,SKU0050,Northern MI,465,476,-11,2.34%,153,134,50,0,0,New,Prophet,v3,3,
2023-01-02,1013,PolyTech Midwest,SKU0055,Central MI,213,139,74,42.05%,546,593,123,0,0,Mature,Prophet,v3,1,
2023-01-02,1005,Riverbend Metals,SKU0037,SE MI,420,314,106,28.88%,210,294,116,0,1,Mature,Prophet,v5,1,
2023-01-02,1001,Delta Plastics,SKU0008,West MI,299,232,67,25.24%,109,173,159,0,0,Mature,Prophet,v5,3,
2023-01-02,1002,Midland Moldings,SKU0015,Central MI,235,176,59,28.71%,340,358,130,0,0,Declining,Prophet,v3,3,
2023-01-02,1013,PolyTech Midwest,SKU0056,Central MI,250,243,7,2.84%,566,524,50,0,0,Mature,Prophet,v2,1,
2023-01-02,1012,AutoSeal Gaskets,SKU0043,Central MI,390,342,48,13.11%,212,245,134,0,1,New,Prophet,v1,7,
2023-01-02,1014,Precision Plastics West,SKU0063,Northern MI,417,312,105,28.81%,223,306,138,0,1,Declining,Prophet,v1,7,
2023-01-02,1004,TriCounty Components,SKU0026,Central MI,318,294,24,7.84%,442,440,88,0,0,Mature,Prophet,v1,3,
2023-01-02,1005,Riverbend Metals,SKU0039,Central MI,228,226,2,0.88%,237,211,114,0,0,Mature,Prophet,v5,3,
2023-01-02,1012,AutoSeal Gaskets,SKU0040,Central MI,257,211,46,19.66%,157,178,87,0,0,Declining,Prophet,v1,7,
2023-01-02,1013,PolyTech Midwest,SKU0052,SE MI,47,37,10,23.81%,514,501,118,0,0,Mature,Prophet,v2,1,
2023-01-02,1001,Delta Plastics,SKU0009,West MI,571,412,159,32.35%,204,345,183,0,0,Declining,Prophet,v5,14,
2023-01-02,1002,Midland Moldings,SKU0010,Central MI,457,430,27,6.09%,97,81,136,0,0,New,Prophet,v4,3,
2023-01-02,1014,Precision Plastics West,SKU0060,West MI,522,381,141,31.23%,156,251,126,0,1,Mature,Prophet,v1,14,
2023-01-02,1012,AutoSeal Gaskets,SKU0048,Central MI,212,167,45,23.75%,271,279,125,0,0,Declining,Prophet,v1,3,
2023-01-02,1003,Great Lakes Fasteners,SKU0018,West MI,96,94,2,2.11%,94,64,63,0,0,New,Prophet,v4,3,
2023-01-02,1014,Precision Plastics West,SKU0059,Central MI,127,135,-8,6.11%,549,514,76,0,0,Mature,Prophet,v5,14,
2023-01-09,1012,AutoSeal Gaskets,SKU0042,West MI,165,178,-13,7.58%,276,250,122,0,0,Mature,Prophet,v1,3,
2023-01-09,1003,Great Lakes Fasteners,SKU0020,Central MI,132,139,-7,5.17%,279,225,52,0,0,Mature,Prophet,v4,7,
2023-01-09,1013,PolyTech Midwest,SKU0051,Central MI,305,250,55,19.82%,383,436,66,0,1,Mature,Prophet,v1,1,
2023-01-09,1014,Precision Plastics West,SKU0066,Central MI,438,407,31,7.34%,199,186,77,0,0,Mature,Prophet,v2,1,
2023-01-09,1001,Delta Plastics,SKU0004,Central MI,233,274,-41,16.17%,537,477,146,0,0,New,Prophet,v3,7,
2023-01-09,1001,Delta Plastics,SKU0005,SE MI,413,368,45,11.52%,311,321,134,0,0,Mature,Prophet,v1,3,
2023-01-09,1013,PolyTech Midwest,SKU0053,Central MI,254,220,34,14.35%,60,67,83,0,0,Mature,Prophet,v2,14,
2023-01-09,1005,Riverbend Metals,SKU0035,Central MI,174,313,-139,57.08%,100,0,64,1,0,Mature,Prophet,v2,14,
2023-01-09,1001,Delta Plastics,SKU0007,Northern MI,172,133,39,25.57%,402,392,168,0,0,New,Prophet,v1,3,
2023-01-09,1004,TriCounty Components,SKU0024,Central MI,521,396,125,27.26%,50,130,62,0,0,Mature,Prophet,v5,1,
2023-01-09,1005,Riverbend Metals,SKU0038,Northern MI,423,458,-35,7.95%,594,511,89,0,0,Declining,Prophet,v4,1,
2023-01-09,1014,Precision Plastics West,SKU0062,West MI,291,309,-18,6.0%,130,73,119,0,0,New,Prophet,v3,1,
2023-01-09,1005,Riverbend Metals,SKU0033,SE MI,336,328,8,2.41%,472,452,101,0,1,New,Prophet,v3,1,
2023-01-09,1002,Midland Moldings,SKU0014,Central MI,121,90,31,29.38%,577,602,95,0,0,Mature,Prophet,v2,7,
2023-01-09,1001,Delta Plastics,SKU0003,Central MI,230,189,41,19.57%,57,68,80,0,0,Mature,Prophet,v5,1,
2023-01-09,1001,Delta Plastics,SKU0006,Central MI,325,287,38,12.42%,415,425,198,0,0,Mature,Prophet,v5,1,
2023-01-09,1004,TriCounty Components,SKU0028,Central MI,223,195,28,13.4%,367,360,121,0,0,Mature,Prophet,v2,3,
2023-01-09,1004,TriCounty Components,SKU0027,Central MI,302,260,42,14.95%,85,108,116,0,0,Mature,Prophet,v1,7,
2023-01-09,1014,Precision Plastics West,SKU0061,Central MI,167,174,-7,4.11%,489,472,85,0,0,New,Prophet,v3,7,
2023-01-09,1003,Great Lakes Fasteners,SKU0016,Central MI,93,91,2,2.17%,223,181,138,0,0,Mature,Prophet,v2,14,
2023-01-09,1014,Precision Plastics West,SKU0064,Central MI,84,104,-20,21.28%,354,290,141,0,0,Mature,Prophet,v4,14,
2023-01-09,1005,Riverbend Metals,SKU0036,SE MI,282,248,34,12.83%,382,367,99,0,0,New,Prophet,v1,1,
2023-01-09,1013,PolyTech Midwest,SKU0050,Northern MI,346,301,45,13.91%,275,306,53,0,0,Mature,Prophet,v2,3,
2023-01-09,1013,PolyTech Midwest,SKU0055,SE MI,162,224,-62,32.12%,261,165,122,0,0,Declining,Prophet,v3,3,
2023-01-09,1005,Riverbend Metals,SKU0037,SE MI,393,281,112,33.23%,75,165,91,0,0,Mature,Prophet,v3,3,
2023-01-09,1001,Delta Plastics,SKU0008,West MI,255,245,10,4.0%,503,485,135,0,0,New,Prophet,v3,3,
2023-01-09,1002,Midland Moldings,SKU0015,Central MI,280,271,9,3.27%,326,289,134,0,1,Mature,Prophet,v1,1,
2023-01-09,1013,PolyTech Midwest,SKU0056,West MI,165,147,18,11.54%,544,520,106,0,0,Mature,Prophet,v5,3,
2023-01-09,1012,AutoSeal Gaskets,SKU0043,SE MI,243,261,-18,7.14%,122,65,146,0,1,Mature,Prophet,v4,7,
2023-01-09,1014,Precision Plastics West,SKU0063,SE MI,207,187,20,10.15%,496,497,108,0,0,Mature,Prophet,v4,7,
2023-01-09,1004,TriCounty Components,SKU0026,SE MI,206,187,19,9.67%,372,380,137,0,0,Declining,Prophet,v1,7,
2023-01-09,1005,Riverbend Metals,SKU0039,SE MI,742,615,127,18.72%,597,675,66,0,0,Mature,Prophet,v4,1,
2023-01-09,1012,AutoSeal Gaskets,SKU0040,SE MI,267,228,39,15.76%,72,84,97,0,0,Mature,Prophet,v2,3,
2023-01-09,1013,PolyTech Midwest,SKU0052,Central MI,411,367,44,11.31%,395,418,117,0,0,New,Prophet,v1,1,
2023-01-09,1001,Delta Plastics,SKU0009,Northern MI,279,225,54,21.43%,269,295,121,0,0,Mature,Prophet,v4,3,
2023-01-09,1002,Midland Moldings,SKU0010,Central MI,259,223,36,14.94%,98,105,88,0,0,Mature,Prophet,v2,7,
2023-01-09,1014,Precision Plastics West,SKU0060,Central MI,526,384,142,31.21%,133,270,78,0,0,Mature,Prophet,v3,7,
2023-01-09,1012,AutoSeal Gaskets,SKU0048,Central MI,281,221,60,23.9%,306,366,142,0,0,Mature,Prophet,v1,1,
2023-01-09,1003,Great Lakes Fasteners,SKU0018,Central MI,407,463,-56,12.87%,368,263,80,0,0,New,Prophet,v1,3,
2023-01-09,1014,Precision Plastics West,SKU0059,Northern MI,159,187,-28,16.18%,182,117,56,0,0,Mature,Prophet,v5,3,
2023-01-16,1012,AutoSeal Gaskets,SKU0042,SE MI,241,273,-32,12.45%,285,238,129,0,0,Mature,Prophet,v2,3,
2023-01-16,1003,Great Lakes Fasteners,SKU0020,West MI,412,369,43,11.01%,130,166,103,0,0,Mature,Prophet,v1,1,
2023-01-16,1013,PolyTech Midwest,SKU0051,SE MI,601,562,39,6.71%,308,323,144,0,0,Mature,Prophet,v3,1,
2023-01-16,1014,Precision Plastics West,SKU0066,Central MI,286,250,36,13.43%,523,536,121,0,1,Mature,Prophet,v4,7,
2023-01-16,1001,Delta Plastics,SKU0004,Central MI,273,387,-114,34.55%,117,0,134,1,0,Declining,Prophet,v1,3,
2023-01-16,1001,Delta Plastics,SKU0005,SE MI,317,369,-52,15.16%,220,152,84,0,1,Declining,Prophet,v1,7,
2023-01-16,1013,PolyTech Midwest,SKU0053,Central MI,56,51,5,9.35%,209,170,98,0,0,Mature,Prophet,v4,1,
2023-01-16,1005,Riverbend Metals,SKU0035,West MI,241,242,-1,0.41%,387,348,135,0,0,Mature,Prophet,v3,1,
2023-01-16,1001,Delta Plastics,SKU0007,Northern MI,181,169,12,6.86%,308,315,106,0,0,New,Prophet,v2,1,
2023-01-16,1004,TriCounty Components,SKU0024,West MI,351,315,36,10.81%,97,122,56,0,1,Mature,Prophet,v3,3,
2023-01-16,1005,Riverbend Metals,SKU0038,SE MI,348,393,-45,12.15%,232,177,139,0,0,Declining,Prophet,v1,3,
2023-01-16,1014,Precision Plastics West,SKU0062,Central MI,238,223,15,6.51%,464,475,142,0,1,Declining,Prophet,v5,3,
2023-01-16,1005,Riverbend Metals,SKU0033,Central MI,160,203,-43,23.69%,398,340,91,0,0,New,Prophet,v2,7,
2023-01-16,1002,Midland Moldings,SKU0014,West MI,174,174,0,0.0%,533,518,50,0,0,Declining,Prophet,v3,3,
2023-01-16,1001,Delta Plastics,SKU0003,Northern MI,413,359,54,13.99%,499,552,112,0,0,Mature,Prophet,v2,7,
2023-01-16,1001,Delta Plastics,SKU0006,Central MI,107,150,-43,33.46%,73,3,135,1,0,Declining,Prophet,v4,1,
2023-01-16,1004,TriCounty Components,SKU0028,Northern MI,168,188,-20,11.24%,140,88,104,0,1,Mature,Prophet,v3,3,
2023-01-16,1004,TriCounty Components,SKU0027,Central MI,592,487,105,19.46%,125,183,148,0,0,Mature,Prophet,v3,1,
2023-01-16,1014,Precision Plastics West,SKU0061,Northern MI,263,209,54,22.88%,100,136,98,0,0,Declining,Prophet,v1,3,
2023-01-16,1003,Great Lakes Fasteners,SKU0016,West MI,121,87,34,32.69%,344,367,140,0,0,New,Prophet,v3,3,
2023-01-16,1014,Precision Plastics West,SKU0064,Central MI,278,307,-29,9.91%,338,273,115,0,0,Declining,Prophet,v5,3,
2023-01-16,1005,Riverbend Metals,SKU0036,SE MI,241,212,29,12.8%,398,427,103,0,0,Declining,Prophet,v1,3,
2023-01-16,1013,PolyTech Midwest,SKU0050,West MI,163,280,-117,52.82%,310,175,114,0,0,Mature,Prophet,v2,3,
2023-01-16,1013,PolyTech Midwest,SKU0055,Central MI,178,142,36,22.5%,551,578,148,0,0,Mature,Prophet,v4,1,
2023-01-16,1005,Riverbend Metals,SKU0037,Central MI,190,188,2,1.06%,63,46,53,0,0,Mature,Prophet,v2,1,
2023-01-16,1001,Delta Plastics,SKU0008,West MI,390,434,-44,10.68%,574,500,96,0,0,Mature,Prophet,v3,7,
2023-01-16,1002,Midland Moldings,SKU0015,West MI,239,183,56,26.54%,431,442,91,0,1,Mature,Prophet,v3,1,
2023-01-16,1013,PolyTech Midwest,SKU0056,SE MI,95,158,-63,49.8%,459,379,116,0,1,Declining,Prophet,v2,7,
2023-01-16,1012,AutoSeal Gaskets,SKU0043,SE MI,192,148,44,25.88%,178,204,138,0,0,Mature,Prophet,v2,14,
2023-01-16,1014,Precision Plastics West,SKU0063,Central MI,87,133,-46,41.82%,526,453,109,0,0,Mature,Prophet,v2,7,
2023-01-16,1004,TriCounty Components,SKU0026,Central MI,85,88,-3,3.47%,382,331,110,0,0,Mature,Prophet,v3,3,
2023-01-16,1005,Riverbend Metals,SKU0039,Central MI,584,515,69,12.56%,316,336,71,0,0,Declining,Prophet,v3,1,
2023-01-16,1012,AutoSeal Gaskets,SKU0040,Central MI,99,162,-63,48.28%,90,17,79,1,0,Mature,Prophet,v3,1,
2023-01-16,1013,PolyTech Midwest,SKU0052,Central MI,263,202,61,26.24%,502,563,79,0,0,Mature,Prophet,v2,1,
2023-01-16,1001,Delta Plastics,SKU0009,Central MI,512,425,87,18.57%,326,389,175,0,1,Mature,Prophet,v2,7,
2023-01-16,1002,Midland Moldings,SKU0010,SE MI,131,134,-3,2.26%,434,411,125,0,0,New,Prophet,v3,7,
2023-01-16,1014,Precision Plastics West,SKU0060,Northern MI,160,153,7,4.47%,568,568,144,0,0,Mature,Prophet,v2,14,
2023-01-16,1012,AutoSeal Gaskets,SKU0048,Central MI,245,303,-58,21.17%,583,500,145,0,0,New,Prophet,v5,1,
2023-01-16,1003,Great Lakes Fasteners,SKU0018,Northern MI,138,141,-3,2.15%,475,454,116,0,0,New,Prophet,v4,14,
2023-01-16,1014,Precision Plastics West,SKU0059,West MI,131,139,-8,5.93%,458,440,71,0,1,Mature,Prophet,v2,3,
2023-01-23,1012,AutoSeal Gaskets,SKU0042,West MI,341,294,47,14.8%,548,593,131,0,1,Mature,Prophet,v5,7,
2023-01-23,1003,Great Lakes Fasteners,SKU0020,Central MI,578,498,80,14.87%,114,187,103,0,0,New,Prophet,v2,1,
2023-01-23,1013,PolyTech Midwest,SKU0051,Central MI,403,495,-92,20.49%,159,60,117,0,0,Declining,Prophet,v3,14,
2023-01-23,1014,Precision Plastics West,SKU0066,Central MI,435,310,125,33.56%,281,361,93,0,0,Mature,Prophet,v1,3,
2023-01-23,1001,Delta Plastics,SKU0004,Northern MI,846,583,263,36.81%,134,358,155,0,0,Declining,Prophet,v5,3,
2023-01-23,1001,Delta Plastics,SKU0005,Central MI,325,325,0,0.0%,210,200,182,0,0,Mature,Prophet,v3,1,
2023-01-23,1013,PolyTech Midwest,SKU0053,Central MI,336,419,-83,21.99%,199,90,144,0,0,Declining,Prophet,v1,14,
2023-01-23,1005,Riverbend Metals,SKU0035,Central MI,128,109,19,16.03%,97,115,106,0,0,New,Prophet,v1,3,
2023-01-23,1001,Delta Plastics,SKU0007,West MI,62,49,13,23.42%,155,125,147,0,0,Mature,Prophet,v3,1,
2023-01-23,1004,TriCounty Components,SKU0024,SE MI,447,374,73,17.78%,175,248,136,0,0,Mature,Prophet,v3,3,
2023-01-23,1005,Riverbend Metals,SKU0038,Central MI,533,525,8,1.51%,571,570,52,0,1,Declining,Prophet,v3,1,
2023-01-23,1014,Precision Plastics West,SKU0062,Central MI,291,236,55,20.87%,481,507,51,0,1,Mature,Prophet,v3,7,
2023-01-23,1005,Riverbend Metals,SKU0033,SE MI,269,258,11,4.17%,537,514,107,0,0,New,Prophet,v4,1,
2023-01-23,1002,Midland Moldings,SKU0014,Central MI,361,641,-280,55.89%,489,164,106,0,0,Mature,Prophet,v3,3,
2023-01-23,1001,Delta Plastics,SKU0003,West MI,271,183,88,38.77%,517,556,109,0,0,Declining,Prophet,v5,7,
2023-01-23,1001,Delta Plastics,SKU0006,SE MI,205,226,-21,9.74%,260,235,143,0,0,Mature,Prophet,v3,3,
2023-01-23,1004,TriCounty Components,SKU0028,Central MI,480,389,91,20.94%,53,129,133,0,1,Mature,Prophet,v1,3,
2023-01-23,1004,TriCounty Components,SKU0027,West MI,260,255,5,1.94%,488,485,149,0,0,Mature,Prophet,v3,1,
2023-01-23,1014,Precision Plastics West,SKU0061,West MI,560,418,142,29.04%,329,446,70,0,0,Mature,Prophet,v4,14,
2023-01-23,1003,Great Lakes Fasteners,SKU0016,Central MI,186,168,18,10.17%,301,300,128,0,0,Mature,Prophet,v2,1,
2023-01-23,1014,Precision Plastics West,SKU0064,SE MI,459,401,58,13.49%,447,462,118,0,0,Mature,Prophet,v1,3,
2023-01-23,1005,Riverbend Metals,SKU0036,SE MI,126,91,35,32.26%,365,380,86,0,0,New,Prophet,v5,3,
2023-01-23,1013,PolyTech Midwest,SKU0050,Northern MI,686,560,126,20.22%,551,634,61,0,0,Mature,Prophet,v2,3,
2023-01-23,1013,PolyTech Midwest,SKU0055,Central MI,466,346,120,29.56%,347,426,64,0,0,Mature,Prophet,v5,1,
2023-01-23,1005,Riverbend Metals,SKU0037,West MI,738,506,232,37.3%,163,392,68,0,0,Mature,Prophet,v2,3,
2023-01-23,1001,Delta Plastics,SKU0008,Central MI,322,285,37,12.19%,178,188,160,0,1,Mature,Prophet,v2,3,
2023-01-23,1002,Midland Moldings,SKU0015,Central MI,389,424,-35,8.61%,226,145,79,0,0,Mature,Prophet,v2,7,
2023-01-23,1013,PolyTech Midwest,SKU0056,West MI,163,136,27,18.06%,572,597,81,0,0,Mature,Prophet,v5,7,
2023-01-23,1012,AutoSeal Gaskets,SKU0043,West MI,324,353,-29,8.57%,90,23,51,0,0,Declining,Prophet,v5,1,
2023-01-23,1014,Precision Plastics West,SKU0063,Central MI,224,259,-35,14.49%,461,417,104,0,0,New,Prophet,v1,3,
2023-01-23,1004,TriCounty Components,SKU0026,SE MI,226,310,-84,31.34%,239,118,99,0,1,Declining,Prophet,v1,1,
2023-01-23,1005,Riverbend Metals,SKU0039,Central MI,267,321,-54,18.37%,304,231,90,0,0,Mature,Prophet,v4,3,
2023-01-23,1012,AutoSeal Gaskets,SKU0040,Central MI,302,262,40,14.18%,432,423,133,0,0,New,Prophet,v3,3,
2023-01-23,1013,PolyTech Midwest,SKU0052,Northern MI,316,216,100,37.59%,218,295,89,0,0,Mature,Prophet,v2,7,
2023-01-23,1001,Delta Plastics,SKU0009,Central MI,208,164,44,23.66%,403,429,139,0,0,Declining,Prophet,v5,3,
2023-01-23,1002,Midland Moldings,SKU0010,West MI,314,292,22,7.26%,114,114,127,0,1,Mature,Prophet,v3,7,
2023-01-23,1014,Precision Plastics West,SKU0060,SE MI,431,364,67,16.86%,54,84,59,0,0,Mature,Prophet,v1,1,
2023-01-23,1012,AutoSeal Gaskets,SKU0048,Central MI,502,633,-131,23.08%,107,0,139,1,0,Mature,Prophet,v2,3,
2023-01-23,1003,Great Lakes Fasteners,SKU0018,SE MI,104,126,-22,19.13%,290,227,140,0,1,Mature,Prophet,v5,14,
2023-01-23,1014,Precision Plastics West,SKU0059,Central MI,409,549,-140,29.23%,546,396,135,0,0,Mature,Prophet,v2,7,
2023-01-30,1012,AutoSeal Gaskets,SKU0042,West MI,382,331,51,14.31%,338,342,124,0,0,Mature,Prophet,v5,14,
2023-01-30,1003,Great Lakes Fasteners,SKU0020,Northern MI,204,242,-38,17.04%,596,526,92,0,0,Mature,Prophet,v4,1,
2023-01-30,1013,PolyTech Midwest,SKU0051,Central MI,410,477,-67,15.11%,265,177,116,0,0,Mature,Prophet,v2,7,
2023-01-30,1014,Precision Plastics West,SKU0066,West MI,175,140,35,22.22%,342,330,66,0,0,Mature,Prophet,v4,1,
2023-01-30,1001,Delta Plastics,SKU0004,SE MI,362,345,17,4.81%,55,72,117,0,1,Mature,Prophet,v4,1,
2023-01-30,1001,Delta Plastics,SKU0005,Central MI,231,170,61,30.42%,560,574,191,0,0,Mature,Prophet,v5,3,
2023-01-30,1013,PolyTech Midwest,SKU0053,Central MI,366,329,37,10.65%,122,141,136,0,0,Mature,Prophet,v1,1,
2023-01-30,1005,Riverbend Metals,SKU0035,Central MI,70,112,-42,46.15%,53,0,108,1,1,Mature,Prophet,v5,3,
2023-01-30,1001,Delta Plastics,SKU0007,Central MI,258,249,9,3.55%,56,51,81,0,0,Mature,Prophet,v1,1,
2023-01-30,1004,TriCounty Components,SKU0024,Central MI,482,305,177,44.98%,442,610,106,0,1,New,Prophet,v3,14,
2023-01-30,1005,Riverbend Metals,SKU0038,Central MI,669,594,75,11.88%,342,405,54,0,0,Mature,Prophet,v1,3,
2023-01-30,1014,Precision Plastics West,SKU0062,Central MI,248,225,23,9.73%,94,112,111,0,0,New,Prophet,v3,3,
2023-01-30,1005,Riverbend Metals,SKU0033,SE MI,468,389,79,18.44%,99,157,82,0,0,Mature,Prophet,v3,1,
2023-01-30,1002,Midland Moldings,SKU0014,Central MI,265,255,10,3.85%,169,132,66,0,0,Mature,Prophet,v1,1,
2023-01-30,1001,Delta Plastics,SKU0003,SE MI,577,466,111,21.28%,358,431,85,0,0,New,Prophet,v4,1,
2023-01-30,1001,Delta Plastics,SKU0006,Northern MI,505,416,89,19.33%,387,428,123,0,0,New,Prophet,v3,7,
2023-01-30,1004,TriCounty Components,SKU0028,Central MI,303,237,66,24.44%,101,149,92,0,0,Mature,Prophet,v1,14,
2023-01-30,1004,TriCounty Components,SKU0027,Central MI,286,273,13,4.65%,385,360,82,0,1,Mature,Prophet,v1,14,
2023-01-30,1014,Precision Plastics West,SKU0061,Central MI,363,289,74,22.7%,405,474,132,0,1,Mature,Prophet,v1,14,
2023-01-30,1003,Great Lakes Fasteners,SKU0016,Northern MI,250,208,42,18.34%,359,395,139,0,0,Mature,Prophet,v1,1,
2023-01-30,1014,Precision Plastics West,SKU0064,Central MI,542,483,59,11.51%,241,272,122,0,0,Mature,Prophet,v1,7,
2023-01-30,1005,Riverbend Metals,SKU0036,Central MI,630,584,46,7.58%,319,322,55,0,1,Mature,Prophet,v4,7,
2023-01-30,1013,PolyTech Midwest,SKU0050,Central MI,198,181,17,8.97%,99,93,141,0,0,Mature,Prophet,v1,7,
2023-01-30,1013,PolyTech Midwest,SKU0055,Central MI,146,138,8,5.63%,358,328,89,0,0,Declining,Prophet,v4,3,
2023-01-30,1005,Riverbend Metals,SKU0037,Central MI,464,469,-5,1.07%,578,573,50,0,0,Mature,Prophet,v4,3,
2023-01-30,1001,Delta Plastics,SKU0008,West MI,167,173,-6,3.53%,327,316,98,0,0,New,Prophet,v2,7,
2023-01-30,1002,Midland Moldings,SKU0015,Central MI,248,315,-67,23.8%,576,504,93,0,0,Mature,Prophet,v2,1,
2023-01-30,1013,PolyTech Midwest,SKU0056,West MI,183,324,-141,55.62%,585,439,128,0,1,Mature,Prophet,v4,3,
2023-01-30,1012,AutoSeal Gaskets,SKU0043,West MI,224,169,55,27.99%,403,458,88,0,0,New,Prophet,v2,7,
2023-01-30,1014,Precision Plastics West,SKU0063,Northern MI,183,163,20,11.56%,87,97,137,0,0,Mature,Prophet,v4,1,
2023-01-30,1004,TriCounty Components,SKU0026,West MI,206,329,-123,45.98%,60,0,137,1,0,Declining,Prophet,v2,14,
2023-01-30,1005,Riverbend Metals,SKU0039,Northern MI,261,165,96,45.07%,341,400,89,0,0,Mature,Prophet,v1,7,
2023-01-30,1012,AutoSeal Gaskets,SKU0040,Central MI,416,316,100,27.32%,421,485,141,0,1,Mature,Prophet,v3,14,
2023-01-30,1013,PolyTech Midwest,SKU0052,West MI,397,356,41,10.89%,75,107,86,0,0,Mature,Prophet,v3,14,
2023-01-30,1001,Delta Plastics,SKU0009,Northern MI,317,257,60,20.91%,280,296,119,0,0,New,Prophet,v3,3,
2023-01-30,1002,Midland Moldings,SKU0010,SE MI,719,502,217,35.54%,79,284,136,0,0,New,Prophet,v5,7,
2023-01-30,1014,Precision Plastics West,SKU0060,West MI,136,122,14,10.85%,277,248,92,0,0,New,Prophet,v4,3,
2023-01-30,1012,AutoSeal Gaskets,SKU0048,SE MI,213,189,24,11.94%,542,534,136,0,0,Mature,Prophet,v1,1,
2023-01-30,1003,Great Lakes Fasteners,SKU0018,Northern MI,711,725,-14,1.95%,578,547,109,0,0,Mature,Prophet,v5,1,
2023-01-30,1014,Precision Plastics West,SKU0059,Central MI,347,354,-7,2.0%,391,339,96,0,0,Mature,Prophet,v5,1,
2023-02-06,1012,AutoSeal Gaskets,SKU0042,Northern MI,278,262,16,5.93%,436,447,106,0,0,Mature,Prophet,v5,1,
2023-02-06,1003,Great Lakes Fasteners,SKU0020,Northern MI,228,170,58,29.15%,69,120,51,0,0,Mature,Prophet,v2,3,
2023-02-06,1013,PolyTech Midwest,SKU0051,Northern MI,54,90,-36,50.0%,222,175,90,0,0,Mature,Prophet,v2,1,
2023-02-06,1014,Precision Plastics West,SKU0066,SE MI,177,217,-40,20.3%,321,272,129,0,1,Declining,Prophet,v1,7,
2023-02-06,1001,Delta Plastics,SKU0004,Central MI,413,311,102,28.18%,150,205,139,0,0,Mature,Prophet,v3,3,
2023-02-06,1001,Delta Plastics,SKU0005,Central MI,632,407,225,43.31%,585,764,91,0,0,New,Prophet,v5,3,
2023-02-06,1013,PolyTech Midwest,SKU0053,Central MI,214,145,69,38.44%,118,166,138,0,0,Mature,Prophet,v1,14,
2023-02-06,1005,Riverbend Metals,SKU0035,Central MI,381,350,31,8.48%,109,122,91,0,0,Declining,Prophet,v2,1,
2023-02-06,1001,Delta Plastics,SKU0007,Central MI,268,280,-12,4.38%,54,8,156,1,0,Mature,Prophet,v3,7,
2023-02-06,1004,TriCounty Components,SKU0024,Central MI,614,550,64,11.0%,208,234,136,0,0,Mature,Prophet,v2,1,
2023-02-06,1005,Riverbend Metals,SKU0038,Northern MI,428,326,102,27.06%,150,245,61,0,0,New,Prophet,v3,1,
2023-02-06,1014,Precision Plastics West,SKU0062,SE MI,327,234,93,33.16%,279,336,64,0,0,Mature,Prophet,v2,3,
2023-02-06,1005,Riverbend Metals,SKU0033,Central MI,318,339,-21,6.39%,202,160,72,0,0,Declining,Prophet,v3,14,
2023-02-06,1002,Midland Moldings,SKU0014,Central MI,474,448,26,5.64%,251,229,102,0,0,New,Prophet,v1,7,
2023-02-06,1001,Delta Plastics,SKU0003,SE MI,166,212,-46,24.34%,404,332,99,0,0,Mature,Prophet,v2,1,
2023-02-06,1001,Delta Plastics,SKU0006,Northern MI,659,574,85,13.79%,538,593,163,0,0,New,Prophet,v1,3,
2023-02-06,1004,TriCounty Components,SKU0028,West MI,54,65,-11,18.49%,552,526,140,0,0,New,Prophet,v1,7,
2023-02-06,1004,TriCounty Components,SKU0027,Central MI,164,142,22,14.38%,292,308,95,0,0,Mature,Prophet,v1,14,
2023-02-06,1014,Precision Plastics West,SKU0061,Central MI,131,117,14,11.29%,454,444,105,0,0,Mature,Prophet,v3,3,
2023-02-06,1003,Great Lakes Fasteners,SKU0016,Central MI,479,364,115,27.28%,230,324,117,0,1,Mature,Prophet,v4,7,
2023-02-06,1014,Precision Plastics West,SKU0064,West MI,326,337,-11,3.32%,372,313,119,0,1,Mature,Prophet,v3,3,
2023-02-06,1005,Riverbend Metals,SKU0036,Central MI,465,436,29,6.44%,343,366,99,0,0,New,Prophet,v1,1,
2023-02-06,1013,PolyTech Midwest,SKU0050,Central MI,188,145,43,25.83%,74,117,144,0,0,Mature,Prophet,v1,14,
2023-02-06,1013,PolyTech Midwest,SKU0055,West MI,365,375,-10,2.7%,264,242,141,0,0,Declining,Prophet,v5,1,
2023-02-06,1005,Riverbend Metals,SKU0037,Central MI,350,304,46,14.07%,595,630,149,0,0,Mature,Prophet,v3,1,
2023-02-06,1001,Delta Plastics,SKU0008,West MI,401,399,2,0.5%,329,314,181,0,0,Declining,Prophet,v3,7,
2023-02-06,1002,Midland Moldings,SKU0015,Central MI,411,341,70,18.62%,92,152,112,0,0,Declining,Prophet,v5,7,
2023-02-06,1013,PolyTech Midwest,SKU0056,West MI,249,257,-8,3.16%,346,302,99,0,0,Mature,Prophet,v3,7,
2023-02-06,1012,AutoSeal Gaskets,SKU0043,West MI,232,261,-29,11.76%,297,233,146,0,0,Mature,Prophet,v4,1,
2023-02-06,1014,Precision Plastics West,SKU0063,West MI,379,286,93,27.97%,228,300,61,0,1,Mature,Prophet,v3,7,
2023-02-06,1004,TriCounty Components,SKU0026,West MI,539,473,66,13.04%,591,616,63,0,1,Mature,Prophet,v1,7,
2023-02-06,1005,Riverbend Metals,SKU0039,SE MI,527,421,106,22.36%,484,551,87,0,0,Declining,Prophet,v4,3,
2023-02-06,1012,AutoSeal Gaskets,SKU0040,Central MI,737,604,133,19.84%,484,581,57,0,0,New,Prophet,v2,7,
2023-02-06,1013,PolyTech Midwest,SKU0052,Central MI,168,239,-71,34.89%,175,83,136,0,0,New,Prophet,v3,1,
2023-02-06,1001,Delta Plastics,SKU0009,SE MI,302,264,38,13.43%,596,604,88,0,0,Declining,Prophet,v1,3,
2023-02-06,1002,Midland Moldings,SKU0010,Central MI,173,260,-87,40.18%,424,296,73,0,0,Declining,Prophet,v2,1,
2023-02-06,1014,Precision Plastics West,SKU0060,West MI,363,282,81,25.12%,166,203,63,0,0,Mature,Prophet,v5,1,
2023-02-06,1012,AutoSeal Gaskets,SKU0048,Central MI,419,343,76,19.95%,180,220,124,0,0,Mature,Prophet,v2,7,
2023-02-06,1003,Great Lakes Fasteners,SKU0018,SE MI,310,254,56,19.86%,538,579,103,0,0,Mature,Prophet,v2,1,
2023-02-06,1014,Precision Plastics West,SKU0059,Central MI,235,222,13,5.69%,160,138,132,0,0,New,Prophet,v3,1,
2023-02-13,1012,AutoSeal Gaskets,SKU0042,West MI,680,680,0,0.0%,191,152,135,0,1,New,Prophet,v3,1,
2023-02-13,1003,Great Lakes Fasteners,SKU0020,West MI,529,395,134,29.0%,233,328,109,0,1,Mature,Prophet,v5,1,
2023-02-13,1013,PolyTech Midwest,SKU0051,Central MI,687,462,225,39.16%,120,341,83,0,1,Declining,Prophet,v2,1,
2023-02-13,1014,Precision Plastics West,SKU0066,Central MI,149,143,6,4.11%,320,321,145,0,0,Mature,Prophet,v2,3,
2023-02-13,1001,Delta Plastics,SKU0004,West MI,156,133,23,15.92%,526,520,138,0,0,Mature,Prophet,v1,1,
2023-02-13,1001,Delta Plastics,SKU0005,Northern MI,557,554,3,0.54%,360,346,173,0,1,Mature,Prophet,v3,7,
2023-02-13,1013,PolyTech Midwest,SKU0053,Northern MI,370,476,-106,25.06%,317,197,70,0,0,New,Prophet,v1,3,
2023-02-13,1005,Riverbend Metals,SKU0035,Central MI,384,365,19,5.07%,276,255,123,0,0,Mature,Prophet,v3,7,
2023-02-13,1001,Delta Plastics,SKU0007,SE MI,121,95,26,24.07%,458,469,159,0,0,Mature,Prophet,v5,1,
2023-02-13,1004,TriCounty Components,SKU0024,Central MI,475,454,21,4.52%,341,327,80,0,0,Mature,Prophet,v1,7,
2023-02-13,1005,Riverbend Metals,SKU0038,SE MI,336,448,-112,28.57%,429,287,117,0,0,Mature,Prophet,v3,1,
2023-02-13,1014,Precision Plastics West,SKU0062,SE MI,356,404,-48,12.63%,555,497,108,0,0,Mature,Prophet,v4,1,
2023-02-13,1005,Riverbend Metals,SKU0033,Central MI,362,318,44,12.94%,248,278,147,0,0,Mature,Prophet,v4,14,
2023-02-13,1002,Midland Moldings,SKU0014,Northern MI,465,297,168,44.09%,51,216,96,0,0,New,Prophet,v1,14,
2023-02-13,1001,Delta Plastics,SKU0003,Central MI,115,101,14,12.96%,140,150,161,0,0,Declining,Prophet,v5,1,
2023-02-13,1001,Delta Plastics,SKU0006,Central MI,364,411,-47,12.13%,461,380,101,0,0,New,Prophet,v2,1,
2023-02-13,1004,TriCounty Components,SKU0028,SE MI,209,186,23,11.65%,241,224,90,0,0,New,Prophet,v2,7,
2023-02-13,1004,TriCounty Components,SKU0027,Central MI,433,434,-1,0.23%,186,183,92,0,0,Mature,Prophet,v2,1,
2023-02-13,1014,Precision Plastics West,SKU0061,Central MI,334,318,16,4.91%,480,447,83,0,1,Mature,Prophet,v4,1,
2023-02-13,1003,Great Lakes Fasteners,SKU0016,Central MI,261,226,35,14.37%,151,158,116,0,0,Mature,Prophet,v3,3,
2023-02-13,1014,Precision Plastics West,SKU0064,Central MI,343,335,8,2.36%,378,341,94,0,0,Mature,Prophet,v3,7,
2023-02-13,1005,Riverbend Metals,SKU0036,Northern MI,101,100,1,1.0%,387,347,117,0,0,Mature,Prophet,v5,1,
2023-02-13,1013,PolyTech Midwest,SKU0050,Central MI,486,481,5,1.03%,89,82,76,0,1,New,Prophet,v2,7,
2023-02-13,1013,PolyTech Midwest,SKU0055,SE MI,383,533,-150,32.75%,380,202,99,0,0,Mature,Prophet,v3,1,
2023-02-13,1005,Riverbend Metals,SKU0037,SE MI,117,109,8,7.08%,511,504,130,0,0,Mature,Prophet,v5,3,
2023-02-13,1001,Delta Plastics,SKU0008,SE MI,179,204,-25,13.05%,263,205,96,0,1,Mature,Prophet,v2,3,
2023-02-13,1002,Midland Moldings,SKU0015,West MI,76,60,16,23.53%,351,367,64,0,0,Mature,Prophet,v4,1,
2023-02-13,1013,PolyTech Midwest,SKU0056,Central MI,363,384,-21,5.62%,279,209,142,0,0,Mature,Prophet,v4,1,
2023-02-13,1012,AutoSeal Gaskets,SKU0043,SE MI,332,296,36,11.46%,299,333,74,0,0,Mature,Prophet,v3,3,
2023-02-13,1014,Precision Plastics West,SKU0063,Central MI,254,265,-11,4.24%,533,510,149,0,0,New,Prophet,v4,3,
2023-02-13,1004,TriCounty Components,SKU0026,West MI,269,160,109,50.82%,569,665,137,0,0,New,Prophet,v4,1,
2023-02-13,1005,Riverbend Metals,SKU0039,Northern MI,112,104,8,7.41%,474,466,72,0,0,Declining,Prophet,v3,14,
2023-02-13,1012,AutoSeal Gaskets,SKU0040,Central MI,225,197,28,13.27%,214,239,105,0,1,Mature,Prophet,v4,1,
2023-02-13,1013,PolyTech Midwest,SKU0052,West MI,143,229,-86,46.24%,231,107,102,0,0,Mature,Prophet,v5,1,
2023-02-13,1001,Delta Plastics,SKU0009,Central MI,583,442,141,27.51%,140,267,155,0,1,Mature,Prophet,v4,3,
2023-02-13,1002,Midland Moldings,SKU0010,Northern MI,291,370,-79,23.9%,323,199,109,0,0,New,Prophet,v4,3,
2023-02-13,1014,Precision Plastics West,SKU0060,Northern MI,434,372,62,15.38%,498,527,63,0,0,Mature,Prophet,v1,1,
2023-02-13,1012,AutoSeal Gaskets,SKU0048,SE MI,214,169,45,23.5%,543,574,70,0,0,Mature,Prophet,v3,1,
2023-02-13,1003,Great Lakes Fasteners,SKU0018,Northern MI,135,134,1,0.74%,255,241,131,0,0,Mature,Prophet,v3,3,
2023-02-13,1014,Precision Plastics West,SKU0059,Central MI,671,542,129,21.27%,413,522,60,0,0,Mature,Prophet,v5,14,
2023-02-20,1012,AutoSeal Gaskets,SKU0042,Central MI,605,417,188,36.79%,588,731,109,0,0,Mature,Prophet,v1,3,
2023-02-20,1003,Great Lakes Fasteners,SKU0020,West MI,282,322,-40,13.25%,451,410,53,0,0,Mature,Prophet,v4,1,
2023-02-20,1013,PolyTech Midwest,SKU0051,Central MI,301,200,101,40.32%,427,507,68,0,0,Mature,Prophet,v3,1,
2023-02-20,1014,Precision Plastics West,SKU0066,West MI,534,386,148,32.17%,528,674,83,0,0,Declining,Prophet,v2,1,
2023-02-20,1001,Delta Plastics,SKU0004,SE MI,579,523,56,10.16%,416,454,164,0,1,Mature,Prophet,v2,14,
2023-02-20,1001,Delta Plastics,SKU0005,Northern MI,328,297,31,9.92%,73,66,132,0,0,Mature,Prophet,v3,1,
2023-02-20,1013,PolyTech Midwest,SKU0053,Central MI,563,363,200,43.2%,357,516,111,0,0,Declining,Prophet,v3,7,
2023-02-20,1005,Riverbend Metals,SKU0035,Central MI,409,269,140,41.3%,501,593,140,0,0,Mature,Prophet,v5,14,
2023-02-20,1001,Delta Plastics,SKU0007,Northern MI,259,252,7,2.74%,502,494,111,0,0,New,Prophet,v4,3,
2023-02-20,1004,TriCounty Components,SKU0024,Northern MI,382,368,14,3.73%,170,164,114,0,0,Mature,Prophet,v1,3,
2023-02-20,1005,Riverbend Metals,SKU0038,West MI,814,605,209,29.46%,395,569,78,0,0,Mature,Prophet,v3,7,
2023-02-20,1014,Precision Plastics West,SKU0062,West MI,244,185,59,27.51%,463,505,147,0,0,Declining,Prophet,v1,3,
2023-02-20,1005,Riverbend Metals,SKU0033,Central MI,487,469,18,3.77%,213,216,140,0,1,Declining,Prophet,v1,1,
2023-02-20,1002,Midland Moldings,SKU0014,Central MI,199,175,24,12.83%,411,418,82,0,0,New,Prophet,v5,1,
2023-02-20,1001,Delta Plastics,SKU0003,SE MI,318,260,58,20.07%,84,109,88,0,0,Mature,Prophet,v3,1,
2023-02-20,1001,Delta Plastics,SKU0006,Central MI,166,197,-31,17.08%,412,341,146,0,0,Mature,Prophet,v3,1,
2023-02-20,1004,TriCounty Components,SKU0028,Northern MI,183,127,56,36.13%,583,610,95,0,0,Mature,Prophet,v2,3,
2023-02-20,1004,TriCounty Components,SKU0027,Northern MI,418,421,-3,0.72%,328,312,130,0,0,New,Prophet,v5,1,
2023-02-20,1014,Precision Plastics West,SKU0061,Central MI,334,299,35,11.06%,555,550,148,0,0,Mature,Prophet,v5,7,
2023-02-20,1003,Great Lakes Fasteners,SKU0016,Central MI,727,641,86,12.57%,348,396,63,0,0,Mature,Prophet,v4,7,
2023-02-20,1014,Precision Plastics West,SKU0064,Central MI,593,353,240,50.74%,284,502,118,0,0,Mature,Prophet,v4,1,
2023-02-20,1005,Riverbend Metals,SKU0036,West MI,135,110,25,20.41%,166,165,128,0,0,Mature,Prophet,v2,7,
2023-02-20,1013,PolyTech Midwest,SKU0050,Central MI,480,431,49,10.76%,83,128,94,0,0,Mature,Prophet,v2,3,
2023-02-20,1013,PolyTech Midwest,SKU0055,Central MI,181,166,15,8.65%,206,177,126,0,0,Mature,Prophet,v1,14,
2023-02-20,1005,Riverbend Metals,SKU0037,SE MI,210,201,9,4.38%,266,260,147,0,0,New,Prophet,v4,3,
2023-02-20,1001,Delta Plastics,SKU0008,Central MI,203,177,26,13.68%,126,107,177,0,0,New,Prophet,v4,1,
2023-02-20,1002,Midland Moldings,SKU0015,SE MI,165,182,-17,9.8%,583,538,87,0,0,New,Prophet,v1,1,
2023-02-20,1013,PolyTech Midwest,SKU0056,West MI,312,265,47,16.29%,312,353,146,0,0,Mature,Prophet,v1,7,
2023-02-20,1012,AutoSeal Gaskets,SKU0043,Central MI,186,203,-17,8.74%,276,214,102,0,0,Mature,Prophet,v3,1,
2023-02-20,1014,Precision Plastics West,SKU0063,West MI,416,382,34,8.52%,484,488,112,0,0,Mature,Prophet,v1,7,
2023-02-20,1004,TriCounty Components,SKU0026,Northern MI,342,245,97,33.05%,328,382,62,0,0,Mature,Prophet,v5,1,
2023-02-20,1005,Riverbend Metals,SKU0039,Central MI,483,362,121,28.64%,349,463,84,0,0,Mature,Prophet,v2,1,
2023-02-20,1012,AutoSeal Gaskets,SKU0040,Central MI,245,179,66,31.13%,514,539,143,0,0,Declining,Prophet,v1,1,
2023-02-20,1013,PolyTech Midwest,SKU0052,Central MI,252,262,-10,3.89%,401,358,117,0,0,Mature,Prophet,v2,14,
2023-02-20,1001,Delta Plastics,SKU0009,Northern MI,302,249,53,19.24%,398,426,189,0,1,Mature,Prophet,v1,3,
2023-02-20,1002,Midland Moldings,SKU0010,SE MI,241,215,26,11.4%,406,392,87,0,1,Mature,Prophet,v1,1,
2023-02-20,1014,Precision Plastics West,SKU0060,Central MI,69,63,6,9.09%,171,170,120,0,0,Declining,Prophet,v5,3,
2023-02-20,1012,AutoSeal Gaskets,SKU0048,Northern MI,249,216,33,14.19%,216,237,125,0,1,Mature,Prophet,v4,14,
2023-02-20,1003,Great Lakes Fasteners,SKU0018,SE MI,295,439,-144,39.24%,484,333,63,0,0,Declining,Prophet,v2,7,
2023-02-20,1014,Precision Plastics West,SKU0059,Central MI,390,318,72,20.34%,226,261,77,0,0,Declining,Prophet,v4,3,
2023-02-27,1012,AutoSeal Gaskets,SKU0042,Central MI,180,159,21,12.39%,423,400,108,0,0,New,Prophet,v5,3,
2023-02-27,1003,Great Lakes Fasteners,SKU0020,Central MI,301,235,66,24.63%,536,595,131,0,0,Declining,Prophet,v1,3,
2023-02-27,1013,PolyTech Midwest,SKU0051,Central MI,222,409,-187,59.27%,482,269,77,0,0,Mature,Prophet,v4,1,
2023-02-27,1014,Precision Plastics West,SKU0066,Central MI,263,250,13,5.07%,105,114,97,0,0,Mature,Prophet,v3,1,
2023-02-27,1001,Delta Plastics,SKU0004,Central MI,151,174,-23,14.15%,515,478,121,0,0,Mature,Prophet,v2,7,
2023-02-27,1001,Delta Plastics,SKU0005,SE MI,506,517,-11,2.15%,369,322,195,0,0,Declining,Prophet,v1,14,
2023-02-27,1013,PolyTech Midwest,SKU0053,Central MI,493,422,71,15.52%,542,604,132,0,0,Mature,Prophet,v3,1,
2023-02-27,1005,Riverbend Metals,SKU0035,West MI,242,256,-14,5.62%,529,510,131,0,0,New,Prophet,v1,1,
2023-02-27,1001,Delta Plastics,SKU0007,West MI,462,389,73,17.16%,215,255,188,0,1,Declining,Prophet,v2,14,
2023-02-27,1004,TriCounty Components,SKU0024,Central MI,148,136,12,8.45%,504,474,98,0,0,New,Prophet,v5,1,
2023-02-27,1005,Riverbend Metals,SKU0038,SE MI,142,175,-33,20.82%,402,363,101,0,0,Mature,Prophet,v1,1,
2023-02-27,1014,Precision Plastics West,SKU0062,SE MI,368,373,-5,1.35%,64,48,82,0,0,Mature,Prophet,v3,14,
2023-02-27,1005,Riverbend Metals,SKU0033,West MI,257,281,-24,8.92%,342,273,82,0,0,Mature,Prophet,v4,7,
2023-02-27,1002,Midland Moldings,SKU0014,SE MI,458,420,38,8.66%,378,375,98,0,0,Mature,Prophet,v4,1,
2023-02-27,1001,Delta Plastics,SKU0003,Central MI,130,136,-6,4.51%,597,551,123,0,0,Mature,Prophet,v5,1,
2023-02-27,1001,Delta Plastics,SKU0006,West MI,220,342,-122,43.42%,224,63,196,0,0,Mature,Prophet,v1,1,
2023-02-27,1004,TriCounty Components,SKU0028,Central MI,242,256,-14,5.62%,401,339,60,0,0,New,Prophet,v3,1,
2023-02-27,1004,TriCounty Components,SKU0027,Northern MI,249,184,65,30.02%,328,387,115,0,0,Declining,Prophet,v3,1,
2023-02-27,1014,Precision Plastics West,SKU0061,Northern MI,480,578,-98,18.53%,90,0,61,1,0,Declining,Prophet,v4,7,
2023-02-27,1003,Great Lakes Fasteners,SKU0016,Central MI,646,489,157,27.67%,574,703,117,0,0,Mature,Prophet,v5,7,
2023-02-27,1014,Precision Plastics West,SKU0064,West MI,277,238,39,15.15%,578,590,92,0,0,Mature,Prophet,v5,1,
2023-02-27,1005,Riverbend Metals,SKU0036,Central MI,368,492,-124,28.84%,387,239,66,0,0,Mature,Prophet,v1,7,
2023-02-27,1013,PolyTech Midwest,SKU0050,Central MI,436,371,65,16.11%,92,110,143,0,0,Declining,Prophet,v5,7,
2023-02-27,1013,PolyTech Midwest,SKU0055,Central MI,527,382,145,31.9%,461,595,67,0,1,Mature,Prophet,v2,3,
2023-02-27,1005,Riverbend Metals,SKU0037,Central MI,309,300,9,2.96%,544,548,77,0,0,Mature,Prophet,v4,14,
2023-02-27,1001,Delta Plastics,SKU0008,Central MI,469,394,75,17.38%,387,462,162,0,0,Mature,Prophet,v4,1,
2023-02-27,1002,Midland Moldings,SKU0015,Central MI,439,445,-6,1.36%,364,354,120,0,1,New,Prophet,v5,14,
2023-02-27,1013,PolyTech Midwest,SKU0056,Central MI,50,62,-12,21.43%,559,518,55,0,0,Mature,Prophet,v5,1,
2023-02-27,1012,AutoSeal Gaskets,SKU0043,Northern MI,173,141,32,20.38%,382,397,71,0,1,New,Prophet,v5,1,
2023-02-27,1014,Precision Plastics West,SKU0063,Central MI,280,277,3,1.08%,135,102,66,0,0,Declining,Prophet,v1,7,
2023-02-27,1004,TriCounty Components,SKU0026,West MI,276,232,44,17.32%,557,598,149,0,0,Mature,Prophet,v5,1,
2023-02-27,1005,Riverbend Metals,SKU0039,Central MI,279,231,48,18.82%,84,93,113,0,0,Mature,Prophet,v4,14,
2023-02-27,1012,AutoSeal Gaskets,SKU0040,Northern MI,110,104,6,5.61%,131,116,138,0,0,Mature,Prophet,v2,1,
2023-02-27,1013,PolyTech Midwest,SKU0052,Central MI,247,195,52,23.53%,396,443,112,0,1,Mature,Prophet,v5,14,
2023-02-27,1001,Delta Plastics,SKU0009,West MI,177,283,-106,46.09%,597,454,135,0,0,Mature,Prophet,v5,14,
2023-02-27,1002,Midland Moldings,SKU0010,Central MI,353,239,114,38.51%,467,544,149,0,1,Mature,Prophet,v3,1,
2023-02-27,1014,Precision Plastics West,SKU0060,Central MI,389,353,36,9.7%,263,280,92,0,0,Mature,Prophet,v3,3,
2023-02-27,1012,AutoSeal Gaskets,SKU0048,Northern MI,708,698,10,1.42%,308,295,92,0,1,Mature,Prophet,v1,1,
2023-02-27,1003,Great Lakes Fasteners,SKU0018,Central MI,583,410,173,34.84%,393,521,115,0,0,Mature,Prophet,v2,14,
2023-02-27,1014,Precision Plastics West,SKU0059,Central MI,155,138,17,11.6%,465,454,96,0,0,Mature,Prophet,v4,7,
2023-03-06,1012,AutoSeal Gaskets,SKU0042,Northern MI,586,545,41,7.25%,534,534,94,0,0,Declining,Prophet,v3,3,
2023-03-06,1003,Great Lakes Fasteners,SKU0020,SE MI,518,465,53,10.78%,210,223,100,0,0,Mature,Prophet,v1,1,
2023-03-06,1013,PolyTech Midwest,SKU0051,West MI,526,460,66,13.39%,351,395,102,0,0,New,Prophet,v3,1,
2023-03-06,1014,Precision Plastics West,SKU0066,SE MI,368,355,13,3.6%,378,360,66,0,0,Mature,Prophet,v4,1,
2023-03-06,1001,Delta Plastics,SKU0004,West MI,408,483,-75,16.84%,243,168,193,0,0,Mature,Prophet,v2,3,
2023-03-06,1001,Delta Plastics,SKU0005,Central MI,295,244,51,18.92%,288,320,84,0,0,Mature,Prophet,v5,1,
2023-03-06,1013,PolyTech Midwest,SKU0053,Central MI,469,391,78,18.14%,245,314,131,0,0,Mature,Prophet,v5,1,
2023-03-06,1005,Riverbend Metals,SKU0035,Central MI,729,571,158,24.31%,358,502,125,0,0,Mature,Prophet,v4,3,
2023-03-06,1001,Delta Plastics,SKU0007,Central MI,342,279,63,20.29%,532,578,140,0,1,Mature,Prophet,v3,7,
2023-03-06,1004,TriCounty Components,SKU0024,Northern MI,367,482,-115,27.09%,428,271,132,0,1,Mature,Prophet,v4,1,
2023-03-06,1005,Riverbend Metals,SKU0038,Central MI,118,131,-13,10.44%,266,234,128,0,0,Mature,Prophet,v1,3,
2023-03-06,1014,Precision Plastics West,SKU0062,Central MI,483,417,66,14.67%,238,270,112,0,0,Mature,Prophet,v3,1,
2023-03-06,1005,Riverbend Metals,SKU0033,SE MI,482,454,28,5.98%,247,246,133,0,1,Mature,Prophet,v2,7,
2023-03-06,1002,Midland Moldings,SKU0014,Central MI,299,193,106,43.09%,168,241,130,0,0,Declining,Prophet,v4,3,
2023-03-06,1001,Delta Plastics,SKU0003,SE MI,607,419,188,36.65%,475,620,89,0,0,New,Prophet,v1,1,
2023-03-06,1001,Delta Plastics,SKU0006,West MI,108,117,-9,8.0%,348,310,91,0,0,Mature,Prophet,v4,1,
2023-03-06,1004,TriCounty Components,SKU0028,West MI,108,121,-13,11.35%,592,567,92,0,0,Mature,Prophet,v4,14,
2023-03-06,1004,TriCounty Components,SKU0027,Central MI,239,258,-19,7.65%,164,124,94,0,1,New,Prophet,v2,3,
2023-03-06,1014,Precision Plastics West,SKU0061,Central MI,684,490,194,33.05%,75,228,61,0,0,Declining,Prophet,v1,7,
2023-03-06,1003,Great Lakes Fasteners,SKU0016,SE MI,249,210,39,16.99%,425,436,94,0,0,Mature,Prophet,v5,14,
2023-03-06,1014,Precision Plastics West,SKU0064,SE MI,252,213,39,16.77%,504,518,53,0,0,Mature,Prophet,v3,3,
2023-03-06,1005,Riverbend Metals,SKU0036,Central MI,361,273,88,27.76%,511,579,147,0,0,New,Prophet,v1,1,
2023-03-06,1013,PolyTech Midwest,SKU0050,Northern MI,182,120,62,41.06%,100,148,86,0,0,Mature,Prophet,v5,3,
2023-03-06,1013,PolyTech Midwest,SKU0055,Central MI,382,297,85,25.04%,442,527,114,0,1,Mature,Prophet,v4,3,
2023-03-06,1005,Riverbend Metals,SKU0037,SE MI,450,389,61,14.54%,194,231,126,0,0,New,Prophet,v5,3,
2023-03-06,1001,Delta Plastics,SKU0008,Central MI,469,497,-28,5.8%,426,389,182,0,0,Mature,Prophet,v3,1,
2023-03-06,1002,Midland Moldings,SKU0015,SE MI,218,219,-1,0.46%,210,169,55,0,0,Mature,Prophet,v4,1,
2023-03-06,1013,PolyTech Midwest,SKU0056,Northern MI,331,232,99,35.17%,305,399,110,0,0,Declining,Prophet,v5,1,
2023-03-06,1012,AutoSeal Gaskets,SKU0043,Central MI,316,355,-39,11.62%,547,477,80,0,0,Mature,Prophet,v1,3,
2023-03-06,1014,Precision Plastics West,SKU0063,Central MI,211,224,-13,5.98%,75,61,127,0,0,Declining,Prophet,v4,1,
2023-03-06,1004,TriCounty Components,SKU0026,Central MI,629,471,158,28.73%,398,547,66,0,0,New,Prophet,v5,1,
2023-03-06,1005,Riverbend Metals,SKU0039,SE MI,288,259,29,10.6%,408,431,100,0,0,Mature,Prophet,v3,1,
2023-03-06,1012,AutoSeal Gaskets,SKU0040,Central MI,277,216,61,24.75%,266,303,122,0,0,New,Prophet,v3,3,
2023-03-06,1013,PolyTech Midwest,SKU0052,Northern MI,257,267,-10,3.82%,102,70,109,0,0,Mature,Prophet,v2,1,
2023-03-06,1001,Delta Plastics,SKU0009,Central MI,264,178,86,38.91%,507,565,84,0,0,Mature,Prophet,v3,1,
2023-03-06,1002,Midland Moldings,SKU0010,Northern MI,450,313,137,35.91%,599,695,149,0,0,Mature,Prophet,v1,14,
2023-03-06,1014,Precision Plastics West,SKU0060,Central MI,884,569,315,43.36%,188,479,56,0,1,Mature,Prophet,v2,3,
2023-03-06,1012,AutoSeal Gaskets,SKU0048,West MI,242,337,-95,32.82%,378,249,110,0,0,Declining,Prophet,v4,14,
2023-03-06,1003,Great Lakes Fasteners,SKU0018,Central MI,243,225,18,7.69%,454,432,104,0,0,Declining,Prophet,v4,1,
2023-03-06,1014,Precision Plastics West,SKU0059,Central MI,193,246,-53,24.15%,479,420,147,0,0,Mature,Prophet,v3,1,
2023-03-13,1012,AutoSeal Gaskets,SKU0042,SE MI,102,91,11,11.4%,509,511,67,0,0,Mature,Prophet,v5,1,
2023-03-13,1003,Great Lakes Fasteners,SKU0020,Central MI,141,183,-42,25.93%,568,525,119,0,0,Mature,Prophet,v3,3,
2023-03-13,1013,PolyTech Midwest,SKU0051,Central MI,578,562,16,2.81%,78,92,98,0,0,Mature,Prophet,v3,1,
2023-03-13,1014,Precision Plastics West,SKU0066,Central MI,667,597,70,11.08%,281,333,86,0,0,New,Prophet,v3,7,
2023-03-13,1001,Delta Plastics,SKU0004,Central MI,354,479,-125,30.01%,94,0,153,1,0,Mature,Prophet,v1,14,
2023-03-13,1001,Delta Plastics,SKU0005,SE MI,421,318,103,27.88%,413,488,136,0,0,Mature,Prophet,v5,3,
2023-03-13,1013,PolyTech Midwest,SKU0053,West MI,305,314,-9,2.91%,354,322,76,0,0,Mature,Prophet,v3,1,
2023-03-13,1005,Riverbend Metals,SKU0035,SE MI,209,186,23,11.65%,555,532,90,0,0,New,Prophet,v5,1,
2023-03-13,1001,Delta Plastics,SKU0007,Central MI,320,287,33,10.87%,66,97,85,0,0,Mature,Prophet,v3,3,
2023-03-13,1004,TriCounty Components,SKU0024,Northern MI,271,263,8,3.0%,573,564,146,0,0,Declining,Prophet,v4,1,
2023-03-13,1005,Riverbend Metals,SKU0038,SE MI,422,514,-92,19.66%,207,111,59,0,0,Mature,Prophet,v5,1,
2023-03-13,1014,Precision Plastics West,SKU0062,Central MI,250,182,68,31.48%,56,123,64,0,1,Declining,Prophet,v5,7,
2023-03-13,1005,Riverbend Metals,SKU0033,Central MI,172,305,-133,55.77%,261,93,133,0,1,Declining,Prophet,v2,1,
2023-03-13,1002,Midland Moldings,SKU0014,Central MI,546,486,60,11.63%,167,219,96,0,1,Mature,Prophet,v5,7,
2023-03-13,1001,Delta Plastics,SKU0003,Central MI,319,338,-19,5.78%,397,369,149,0,0,Mature,Prophet,v4,1,
2023-03-13,1001,Delta Plastics,SKU0006,West MI,129,174,-45,29.7%,56,0,195,1,0,Mature,Prophet,v2,7,
2023-03-13,1004,TriCounty Components,SKU0028,Central MI,145,104,41,32.93%,297,304,122,0,0,New,Prophet,v3,7,
2023-03-13,1004,TriCounty Components,SKU0027,SE MI,150,177,-27,16.51%,323,261,114,0,0,Mature,Prophet,v3,3,
2023-03-13,1014,Precision Plastics West,SKU0061,West MI,143,145,-2,1.39%,251,215,90,0,0,Mature,Prophet,v1,3,
2023-03-13,1003,Great Lakes Fasteners,SKU0016,Central MI,91,109,-18,18.0%,574,547,89,0,0,Mature,Prophet,v5,1,
2023-03-13,1014,Precision Plastics West,SKU0064,Central MI,176,206,-30,15.71%,392,347,141,0,0,Mature,Prophet,v4,3,
2023-03-13,1005,Riverbend Metals,SKU0036,Central MI,265,266,-1,0.38%,296,257,149,0,0,Mature,Prophet,v2,1,
2023-03-13,1013,PolyTech Midwest,SKU0050,Central MI,133,152,-19,13.33%,517,460,69,0,0,Mature,Prophet,v3,1,
2023-03-13,1013,PolyTech Midwest,SKU0055,Central MI,377,335,42,11.8%,575,586,131,0,0,Mature,Prophet,v1,3,
2023-03-13,1005,Riverbend Metals,SKU0037,West MI,158,194,-36,20.45%,575,520,58,0,0,New,Prophet,v3,1,
2023-03-13,1001,Delta Plastics,SKU0008,Central MI,424,383,41,10.16%,108,149,169,0,0,New,Prophet,v1,3,
2023-03-13,1002,Midland Moldings,SKU0015,Central MI,203,175,28,14.81%,551,561,61,0,1,Mature,Prophet,v2,1,
2023-03-13,1013,PolyTech Midwest,SKU0056,Central MI,194,179,15,8.04%,505,512,106,0,0,Mature,Prophet,v5,14,
2023-03-13,1012,AutoSeal Gaskets,SKU0043,SE MI,218,169,49,25.32%,421,442,118,0,0,Declining,Prophet,v2,1,
2023-03-13,1014,Precision Plastics West,SKU0063,Central MI,512,338,174,40.94%,591,721,90,0,0,New,Prophet,v5,1,
2023-03-13,1004,TriCounty Components,SKU0026,SE MI,262,262,0,0.0%,293,292,111,0,0,New,Prophet,v3,1,
2023-03-13,1005,Riverbend Metals,SKU0039,Northern MI,515,419,96,20.56%,80,172,58,0,1,Declining,Prophet,v5,1,
2023-03-13,1012,AutoSeal Gaskets,SKU0040,Central MI,358,370,-12,3.3%,282,221,80,0,0,Mature,Prophet,v4,1,
2023-03-13,1013,PolyTech Midwest,SKU0052,Central MI,111,82,29,30.05%,110,90,123,0,0,Mature,Prophet,v2,14,
2023-03-13,1001,Delta Plastics,SKU0009,West MI,217,199,18,8.65%,541,531,102,0,0,Declining,Prophet,v4,7,
2023-03-13,1002,Midland Moldings,SKU0010,Northern MI,237,204,33,14.97%,90,99,143,0,0,Mature,Prophet,v3,3,
2023-03-13,1014,Precision Plastics West,SKU0060,Central MI,404,580,-176,35.77%,254,40,147,1,0,Mature,Prophet,v4,1,
2023-03-13,1012,AutoSeal Gaskets,SKU0048,Central MI,236,186,50,23.7%,576,602,124,0,0,Mature,Prophet,v3,1,
2023-03-13,1003,Great Lakes Fasteners,SKU0018,Northern MI,128,135,-7,5.32%,278,264,105,0,0,Declining,Prophet,v2,3,
2023-03-13,1014,Precision Plastics West,SKU0059,Northern MI,117,96,21,19.72%,335,335,73,0,0,New,Prophet,v3,7,
2023-03-20,1012,AutoSeal Gaskets,SKU0042,Northern MI,550,456,94,18.69%,83,155,130,0,0,Mature,Prophet,v3,3,
2023-03-20,1003,Great Lakes Fasteners,SKU0020,Central MI,458,521,-63,12.87%,357,268,96,0,0,Mature,Prophet,v3,3,
2023-03-20,1013,PolyTech Midwest,SKU0051,West MI,582,451,131,25.36%,435,523,109,0,0,Mature,Prophet,v2,1,
2023-03-20,1014,Precision Plastics West,SKU0066,Central MI,184,157,27,15.84%,128,134,149,0,0,Declining,Prophet,v1,3,
2023-03-20,1001,Delta Plastics,SKU0004,Central MI,207,232,-25,11.39%,420,379,183,0,0,New,Prophet,v2,1,
2023-03-20,1001,Delta Plastics,SKU0005,Central MI,506,531,-25,4.82%,440,366,192,0,0,New,Prophet,v2,7,
2023-03-20,1013,PolyTech Midwest,SKU0053,Central MI,550,475,75,14.63%,357,411,122,0,0,Declining,Prophet,v1,1,
2023-03-20,1005,Riverbend Metals,SKU0035,Central MI,194,144,50,29.59%,54,57,121,0,0,Declining,Prophet,v1,1,
2023-03-20,1001,Delta Plastics,SKU0007,Northern MI,316,212,104,39.39%,78,156,157,0,0,Mature,Prophet,v5,1,
2023-03-20,1004,TriCounty Components,SKU0024,Central MI,294,284,10,3.46%,80,68,67,0,0,Mature,Prophet,v1,1,
2023-03-20,1005,Riverbend Metals,SKU0038,Central MI,508,391,117,26.03%,76,179,145,0,0,Mature,Prophet,v2,1,
2023-03-20,1014,Precision Plastics West,SKU0062,Central MI,491,401,90,20.18%,308,382,97,0,0,Mature,Prophet,v4,1,
2023-03-20,1005,Riverbend Metals,SKU0033,SE MI,339,220,119,42.58%,407,518,124,0,0,Mature,Prophet,v4,7,
2023-03-20,1002,Midland Moldings,SKU0014,West MI,477,422,55,12.24%,72,124,51,0,0,Mature,Prophet,v1,1,
2023-03-20,1001,Delta Plastics,SKU0003,SE MI,237,275,-38,14.84%,397,348,93,0,0,New,Prophet,v3,3,
2023-03-20,1001,Delta Plastics,SKU0006,Northern MI,253,229,24,9.96%,497,509,110,0,0,Mature,Prophet,v1,7,
2023-03-20,1004,TriCounty Components,SKU0028,Central MI,272,280,-8,2.9%,532,475,98,0,0,Declining,Prophet,v2,1,
2023-03-20,1004,TriCounty Components,SKU0027,SE MI,233,259,-26,10.57%,305,258,148,0,0,Mature,Prophet,v2,1,
2023-03-20,1014,Precision Plastics West,SKU0061,SE MI,402,284,118,34.4%,202,272,75,0,1,Mature,Prophet,v3,1,
2023-03-20,1003,Great Lakes Fasteners,SKU0016,SE MI,211,233,-22,9.91%,247,201,109,0,0,New,Prophet,v1,14,
2023-03-20,1014,Precision Plastics West,SKU0064,SE MI,202,219,-17,8.08%,484,444,101,0,0,New,Prophet,v4,1,
2023-03-20,1005,Riverbend Metals,SKU0036,Central MI,316,238,78,28.16%,77,144,111,0,0,Mature,Prophet,v3,3,
2023-03-20,1013,PolyTech Midwest,SKU0050,Central MI,552,561,-9,1.62%,446,437,50,0,0,Mature,Prophet,v3,1,
2023-03-20,1013,PolyTech Midwest,SKU0055,Central MI,489,574,-85,15.99%,409,291,54,0,0,New,Prophet,v3,1,
2023-03-20,1005,Riverbend Metals,SKU0037,Central MI,256,313,-57,20.04%,89,30,69,0,0,Declining,Prophet,v5,1,
2023-03-20,1001,Delta Plastics,SKU0008,Central MI,227,171,56,28.14%,514,550,146,0,0,Declining,Prophet,v1,3,
2023-03-20,1002,Midland Moldings,SKU0015,West MI,402,439,-37,8.8%,511,456,116,0,0,New,Prophet,v5,7,
2023-03-20,1013,PolyTech Midwest,SKU0056,Central MI,265,289,-24,8.66%,580,507,76,0,0,Mature,Prophet,v1,1,
2023-03-20,1012,AutoSeal Gaskets,SKU0043,Northern MI,185,193,-8,4.23%,305,267,106,0,0,Mature,Prophet,v4,14,
2023-03-20,1014,Precision Plastics West,SKU0063,West MI,378,362,16,4.32%,440,412,110,0,0,New,Prophet,v1,1,
2023-03-20,1004,TriCounty Components,SKU0026,Central MI,288,241,47,17.77%,251,262,58,0,1,New,Prophet,v4,3,
2023-03-20,1005,Riverbend Metals,SKU0039,West MI,394,279,115,34.18%,590,695,76,0,0,New,Prophet,v2,1,
2023-03-20,1012,AutoSeal Gaskets,SKU0040,Central MI,486,355,131,31.15%,85,216,50,0,0,New,Prophet,v2,14,
2023-03-20,1013,PolyTech Midwest,SKU0052,Northern MI,365,402,-37,9.65%,53,2,97,1,0,Declining,Prophet,v3,7,
2023-03-20,1001,Delta Plastics,SKU0009,Central MI,573,400,173,35.56%,576,747,166,0,0,Mature,Prophet,v1,1,
2023-03-20,1002,Midland Moldings,SKU0010,Central MI,429,317,112,30.03%,138,215,102,0,0,Mature,Prophet,v4,3,
2023-03-20,1014,Precision Plastics West,SKU0060,Central MI,494,407,87,19.31%,247,324,120,0,0,Declining,Prophet,v3,14,
2023-03-20,1012,AutoSeal Gaskets,SKU0048,Central MI,417,353,64,16.62%,168,226,86,0,1,Mature,Prophet,v3,1,
2023-03-20,1003,Great Lakes Fasteners,SKU0018,Central MI,164,239,-75,37.22%,320,240,109,0,0,Mature,Prophet,v2,7,
2023-03-20,1014,Precision Plastics West,SKU0059,Central MI,176,169,7,4.06%,64,55,81,0,0,New,Prophet,v2,1,
2023-03-27,1012,AutoSeal Gaskets,SKU0042,Central MI,619,516,103,18.15%,231,285,77,0,0,Mature,Prophet,v2,3,
2023-03-27,1003,Great Lakes Fasteners,SKU0020,West MI,218,229,-11,4.92%,367,323,121,0,0,Declining,Prophet,v1,1,
2023-03-27,1013,PolyTech Midwest,SKU0051,Central MI,312,408,-96,26.67%,78,0,137,1,0,Mature,Prophet,v2,1,
2023-03-27,1014,Precision Plastics West,SKU0066,Northern MI,101,114,-13,12.09%,107,45,88,0,0,Mature,Prophet,v5,3,
2023-03-27,1001,Delta Plastics,SKU0004,Central MI,538,457,81,16.28%,333,378,187,0,0,Mature,Prophet,v4,3,
2023-03-27,1001,Delta Plastics,SKU0005,Northern MI,493,485,8,1.64%,235,220,95,0,0,Mature,Prophet,v2,1,
2023-03-27,1013,PolyTech Midwest,SKU0053,Northern MI,733,464,269,44.95%,86,313,143,0,0,Mature,Prophet,v2,3,
2023-03-27,1005,Riverbend Metals,SKU0035,Central MI,488,497,-9,1.83%,470,413,81,0,0,Declining,Prophet,v5,3,
2023-03-27,1001,Delta Plastics,SKU0007,Central MI,615,451,164,30.77%,58,197,141,0,0,Mature,Prophet,v5,1,
2023-03-27,1004,TriCounty Components,SKU0024,Central MI,163,170,-7,4.2%,481,464,132,0,0,Mature,Prophet,v5,1,
2023-03-27,1005,Riverbend Metals,SKU0038,SE MI,128,132,-4,3.08%,452,407,77,0,1,Mature,Prophet,v4,7,
2023-03-27,1014,Precision Plastics West,SKU0062,West MI,598,631,-33,5.37%,140,88,84,0,0,Mature,Prophet,v5,1,
2023-03-27,1005,Riverbend Metals,SKU0033,West MI,251,225,26,10.92%,555,575,58,0,0,Mature,Prophet,v4,3,
2023-03-27,1002,Midland Moldings,SKU0014,Northern MI,207,277,-70,28.93%,197,98,99,0,0,Mature,Prophet,v1,3,
2023-03-27,1001,Delta Plastics,SKU0003,Central MI,101,67,34,40.48%,459,457,93,0,0,Mature,Prophet,v2,7,
2023-03-27,1001,Delta Plastics,SKU0006,Central MI,195,186,9,4.72%,226,228,178,0,0,Declining,Prophet,v2,1,
2023-03-27,1004,TriCounty Components,SKU0028,SE MI,619,819,-200,27.82%,286,47,51,0,0,Mature,Prophet,v5,3,
2023-03-27,1004,TriCounty Components,SKU0027,Central MI,171,151,20,12.42%,599,589,90,0,0,Mature,Prophet,v2,1,
2023-03-27,1014,Precision Plastics West,SKU0061,SE MI,227,123,104,59.43%,158,229,116,0,0,Mature,Prophet,v3,1,
2023-03-27,1003,Great Lakes Fasteners,SKU0016,Northern MI,89,99,-10,10.64%,74,20,147,1,0,Mature,Prophet,v3,3,
